date,time,currency,impact,event,detail,actual,forecast,previous,day
01/10/2010,All Day,CNY,gray,Bank Holiday,https://www.forexfactory.com/calendar?month=october.2010#detail=29274,,,,Fri
01/10/2010,01:00,CNY,red,Manufacturing PMI,https://www.forexfactory.com/calendar?month=october.2010#detail=24894,53.8,52.5,51.7,Fri
01/10/2010,06:00,EUR,orange,German Retail Sales m/m,https://www.forexfactory.com/calendar?month=october.2010#detail=25210,-0.2%,0.5%,-0.4%,Fri
01/10/2010,06:30,AUD,orange,Commodity Prices y/y,https://www.forexfactory.com/calendar?month=october.2010#detail=27166,52.4%,,52.7%,Fri
01/10/2010,07:15,CHF,red,Retail Sales y/y,https://www.forexfactory.com/calendar?month=october.2010#detail=25559,0.5%,3.2%,4.7%,Fri
01/10/2010,,EUR,orange,Spanish Manufacturing PMI,https://www.forexfactory.com/calendar?month=october.2010#detail=43834,49.6,,51.2,Fri
01/10/2010,07:30,CHF,orange,Manufacturing PMI,https://www.forexfactory.com/calendar?month=october.2010#detail=24680,59.7,60.8,61.4,Fri
01/10/2010,07:45,EUR,orange,Italian Manufacturing PMI,https://www.forexfactory.com/calendar?month=october.2010#detail=43488,52.6,51.9,52.8,Fri
01/10/2010,07:50,EUR,yellow,French Final Manufacturing PMI,https://www.forexfactory.com/calendar?month=october.2010#detail=58930,56.0,55.4,55.4,Fri
01/10/2010,07:55,EUR,yellow,German Final Manufacturing PMI,https://www.forexfactory.com/calendar?month=october.2010#detail=58987,55.1,55.3,55.3,Fri
01/10/2010,08:00,EUR,yellow,Final Manufacturing PMI,https://www.forexfactory.com/calendar?month=october.2010#detail=24679,53.7,53.6,53.6,Fri
01/10/2010,,EUR,yellow,Italian Monthly Unemployment Rate,https://www.forexfactory.com/calendar?month=october.2010#detail=29637,8.2%,8.5%,8.4%,Fri
01/10/2010,08:30,GBP,red,Final Manufacturing PMI,https://www.forexfactory.com/calendar?month=october.2010#detail=24556,53.4,53.9,53.7,Fri
01/10/2010,,GBP,yellow,Housing Equity Withdrawal q/q,https://www.forexfactory.com/calendar?month=october.2010#detail=25260,-6.2B,-3.2B,-5.3B,Fri
01/10/2010,09:00,EUR,orange,Unemployment Rate,https://www.forexfactory.com/calendar?month=october.2010#detail=27416,10.1%,10.0%,10.1%,Fri
01/10/2010,12:30,USD,orange,Core PCE Price Index m/m,https://www.forexfactory.com/calendar?month=october.2010#detail=26143,0.1%,0.1%,0.1%,Fri
01/10/2010,,USD,orange,Personal Spending m/m,https://www.forexfactory.com/calendar?month=october.2010#detail=26144,0.4%,0.4%,0.4%,Fri
01/10/2010,,USD,yellow,FOMC Member Dudley Speaks,https://www.forexfactory.com/calendar?month=october.2010#detail=33441,,,,Fri
01/10/2010,,USD,yellow,Personal Income m/m,https://www.forexfactory.com/calendar?month=october.2010#detail=26145,0.5%,0.3%,0.2%,Fri
01/10/2010,13:55,USD,orange,Revised UoM Consumer Sentiment,https://www.forexfactory.com/calendar?month=october.2010#detail=25308,68.2,67.1,66.6,Fri
01/10/2010,,USD,yellow,Revised UoM Inflation Expectations,https://www.forexfactory.com/calendar?month=october.2010#detail=25309,2.2%,,2.2%,Fri
01/10/2010,14:00,USD,red,ISM Manufacturing PMI,https://www.forexfactory.com/calendar?month=october.2010#detail=24816,54.4,54.6,56.3,Fri
01/10/2010,,USD,yellow,Construction Spending m/m,https://www.forexfactory.com/calendar?month=october.2010#detail=25374,0.4%,-0.4%,-1.4%,Fri
01/10/2010,,USD,yellow,ISM Manufacturing Prices,https://www.forexfactory.com/calendar?month=october.2010#detail=24817,70.5,59.6,61.5,Fri
01/10/2010,All Day,USD,yellow,Total Vehicle Sales,https://www.forexfactory.com/calendar?month=october.2010#detail=25331,11.8M,11.6M,11.5M,Fri
02/10/2010,16:00,AUD,gray,Daylight Saving Time Shift,https://www.forexfactory.com/calendar?month=october.2010#detail=24379,,,,Sat
03/10/2010,01:00,CNY,yellow,Non-Manufacturing PMI,https://www.forexfactory.com/calendar?month=october.2010#detail=42237,61.7,,60.1,Sun
03/10/2010,All Day,AUD,gray,Bank Holiday,https://www.forexfactory.com/calendar?month=october.2010#detail=28833,,,,Sun
03/10/2010,23:30,AUD,yellow,MI Inflation Gauge m/m,https://www.forexfactory.com/calendar?month=october.2010#detail=29048,0.1%,,0.2%,Sun
03/10/2010,23:50,JPY,yellow,Monetary Base y/y,https://www.forexfactory.com/calendar?month=october.2010#detail=25869,5.8%,5.8%,5.4%,Sun
04/10/2010,All Day,CNY,gray,Bank Holiday,https://www.forexfactory.com/calendar?month=october.2010#detail=29275,,,,Mon
04/10/2010,01:30,JPY,orange,Average Cash Earnings y/y,https://www.forexfactory.com/calendar?month=october.2010#detail=28380,0.0%,0.8%,1.4%,Mon
04/10/2010,02:00,NZD,yellow,ANZ Commodity Prices m/m,https://www.forexfactory.com/calendar?month=october.2010#detail=27280,2.9%,,-1.4%,Mon
04/10/2010,07:00,EUR,orange,Spanish Unemployment Change,https://www.forexfactory.com/calendar?month=october.2010#detail=44013,48.1K,,61.1K,Mon
04/10/2010,08:30,EUR,yellow,Sentix Investor Confidence,https://www.forexfactory.com/calendar?month=october.2010#detail=25091,8.8,8.3,7.6,Mon
04/10/2010,,GBP,orange,Construction PMI,https://www.forexfactory.com/calendar?month=october.2010#detail=24557,53.8,51.6,52.1,Mon
04/10/2010,09:00,EUR,yellow,PPI m/m,https://www.forexfactory.com/calendar?month=october.2010#detail=27245,0.1%,0.2%,0.2%,Mon
04/10/2010,10:25,GBP,orange,MPC Member Tucker Speaks,https://www.forexfactory.com/calendar?month=october.2010#detail=33820,,,,Mon
04/10/2010,11:00,GBP,yellow,Chancellor Osborne Speaks,https://www.forexfactory.com/calendar?month=october.2010#detail=33936,,,,Mon
04/10/2010,14:00,USD,red,Pending Home Sales m/m,https://www.forexfactory.com/calendar?month=october.2010#detail=27389,4.3%,2.8%,4.5%,Mon
04/10/2010,,USD,orange,Factory Orders m/m,https://www.forexfactory.com/calendar?month=october.2010#detail=26273,-0.5%,-0.3%,0.5%,Mon
04/10/2010,19:00,USD,red,Fed Chairman Bernanke Speaks,https://www.forexfactory.com/calendar?month=october.2010#detail=33815,,,,Mon
04/10/2010,21:00,NZD,red,NZIER Business Confidence,https://www.forexfactory.com/calendar?month=october.2010#detail=27561,6,,18,Mon
04/10/2010,22:28,AUD,orange,AIG Services Index,https://www.forexfactory.com/calendar?month=october.2010#detail=24600,45.6,,47.5,Mon
04/10/2010,23:30,USD,red,Fed Chairman Bernanke Speaks,https://www.forexfactory.com/calendar?month=october.2010#detail=33816,,,,Mon
05/10/2010,All Day,CNY,gray,Bank Holiday,https://www.forexfactory.com/calendar?month=october.2010#detail=29276,,,,Tue
05/10/2010,00:30,AUD,red,Goods Trade Balance,https://www.forexfactory.com/calendar?month=october.2010#detail=24642,2.35B,2.31B,1.74B,Tue
05/10/2010,,AUD,red,Retail Sales m/m,https://www.forexfactory.com/calendar?month=october.2010#detail=27332,0.3%,0.5%,0.7%,Tue
05/10/2010,,AUD,orange,ANZ Job Advertisements m/m,https://www.forexfactory.com/calendar?month=october.2010#detail=28491,0.7%,,2.4%,Tue
05/10/2010,03:30,AUD,red,Cash Rate,https://www.forexfactory.com/calendar?month=october.2010#detail=24477,4.50%,4.75%,4.50%,Tue
05/10/2010,,AUD,red,RBA Rate Statement,https://www.forexfactory.com/calendar?month=october.2010#detail=24478,,,,Tue
05/10/2010,04:38,JPY,red,Monetary Policy Statement,https://www.forexfactory.com/calendar?month=october.2010#detail=28816,,,,Tue
05/10/2010,,JPY,orange,Overnight Call Rate,https://www.forexfactory.com/calendar?month=october.2010#detail=28815,<0.10%,0.10%,0.10%,Tue
05/10/2010,07:15,CHF,orange,CPI m/m,https://www.forexfactory.com/calendar?month=october.2010#detail=25531,0.0%,0.0%,0.0%,Tue
05/10/2010,,EUR,yellow,Spanish Services PMI,https://www.forexfactory.com/calendar?month=october.2010#detail=43930,47.9,,49.2,Tue
05/10/2010,07:29,JPY,red,BOJ Press Conference,https://www.forexfactory.com/calendar?month=october.2010#detail=32194,,,,Tue
05/10/2010,07:45,EUR,yellow,Italian Services PMI,https://www.forexfactory.com/calendar?month=october.2010#detail=43548,51.3,50.7,51.4,Tue
05/10/2010,07:50,EUR,yellow,French Final Services PMI,https://www.forexfactory.com/calendar?month=october.2010#detail=59137,58.2,58.8,58.8,Tue
05/10/2010,07:55,EUR,yellow,German Final Services PMI,https://www.forexfactory.com/calendar?month=october.2010#detail=59149,54.9,54.6,54.6,Tue
05/10/2010,08:00,EUR,yellow,Final Services PMI,https://www.forexfactory.com/calendar?month=october.2010#detail=24681,54.1,53.6,53.6,Tue
05/10/2010,08:30,GBP,red,Final Services PMI,https://www.forexfactory.com/calendar?month=october.2010#detail=24558,52.8,51.1,51.3,Tue
05/10/2010,09:00,EUR,orange,Retail Sales m/m,https://www.forexfactory.com/calendar?month=october.2010#detail=27221,-0.4%,0.2%,0.1%,Tue
05/10/2010,14:00,USD,red,ISM Services PMI,https://www.forexfactory.com/calendar?month=october.2010#detail=25385,53.2,52.1,51.5,Tue
05/10/2010,17:15,CAD,yellow,Gov Council Member Macklem Speaks,https://www.forexfactory.com/calendar?month=october.2010#detail=33447,,,,Tue
05/10/2010,23:00,GBP,yellow,BRC Shop Price Index y/y,https://www.forexfactory.com/calendar?month=october.2010#detail=28181,1.9%,,1.7%,Tue
06/10/2010,All Day,CNY,gray,Bank Holiday,https://www.forexfactory.com/calendar?month=october.2010#detail=29277,,,,Wed
06/10/2010,05:00,JPY,orange,BOJ Monthly Report,https://www.forexfactory.com/calendar?month=october.2010#detail=28864,,,,Wed
06/10/2010,07:00,CHF,red,Foreign Currency Reserves,https://www.forexfactory.com/calendar?month=october.2010#detail=41363,215B,,218B,Wed
06/10/2010,09:00,EUR,yellow,Final GDP q/q,https://www.forexfactory.com/calendar?month=october.2010#detail=27430,1.0%,1.0%,1.0%,Wed
06/10/2010,10:00,EUR,orange,German Factory Orders m/m,https://www.forexfactory.com/calendar?month=october.2010#detail=25198,3.4%,0.9%,-1.6%,Wed
06/10/2010,11:30,USD,yellow,Challenger Job Cuts y/y,https://www.forexfactory.com/calendar?month=october.2010#detail=27472,-44.1%,,-54.5%,Wed
06/10/2010,12:15,USD,red,ADP Non-Farm Employment Change,https://www.forexfactory.com/calendar?month=october.2010#detail=26968,-39K,23K,10K,Wed
06/10/2010,13:00,USD,orange,Treasury Sec Geithner Speaks,https://www.forexfactory.com/calendar?month=october.2010#detail=34342,,,,Wed
06/10/2010,14:00,CAD,red,Ivey PMI,https://www.forexfactory.com/calendar?month=october.2010#detail=25603,70.3,63.0,65.9,Wed
06/10/2010,14:30,USD,orange,Crude Oil Inventories,https://www.forexfactory.com/calendar?month=october.2010#detail=24766,3.1M,0.5M,-0.5M,Wed
06/10/2010,22:30,AUD,yellow,AIG Construction Index,https://www.forexfactory.com/calendar?month=october.2010#detail=24601,40.8,,43.2,Wed
07/10/2010,All Day,CNY,gray,Bank Holiday,https://www.forexfactory.com/calendar?month=october.2010#detail=29278,,,,Thu
07/10/2010,00:30,AUD,red,Employment Change,https://www.forexfactory.com/calendar?month=october.2010#detail=26235,49.5K,20.2K,31.6K,Thu
07/10/2010,,AUD,red,Unemployment Rate,https://www.forexfactory.com/calendar?month=october.2010#detail=26234,5.1%,5.1%,5.1%,Thu
07/10/2010,03:45,JPY,yellow,10-y Bond Auction,https://www.forexfactory.com/calendar?month=october.2010#detail=49019,0.84|2.8,,1.05|3.2,Thu
07/10/2010,05:00,JPY,yellow,Leading Indicators,https://www.forexfactory.com/calendar?month=october.2010#detail=29012,99.1%,99.2%,100.0%,Thu
07/10/2010,06:00,JPY,yellow,Prelim Machine Tool Orders y/y,https://www.forexfactory.com/calendar?month=october.2010#detail=33706,112.9%,,170.0%,Thu
07/10/2010,06:45,EUR,yellow,French Trade Balance,https://www.forexfactory.com/calendar?month=october.2010#detail=26557,-4.9B,-4.0B,-4.4B,Thu
07/10/2010,07:00,GBP,red,Halifax HPI m/m,https://www.forexfactory.com/calendar?month=october.2010#detail=24559,-3.6%,0.6%,0.4%,Thu
07/10/2010,08:30,GBP,red,Manufacturing Production m/m,https://www.forexfactory.com/calendar?month=october.2010#detail=27016,0.3%,0.1%,0.4%,Thu
07/10/2010,,GBP,yellow,Industrial Production m/m,https://www.forexfactory.com/calendar?month=october.2010#detail=27015,0.3%,0.3%,0.3%,Thu
07/10/2010,09:04,EUR,orange,French 10-y Bond Auction,https://www.forexfactory.com/calendar?month=october.2010#detail=42387,2.68|1.8,,2.55|2.2,Thu
07/10/2010,10:00,EUR,orange,German Industrial Production m/m,https://www.forexfactory.com/calendar?month=october.2010#detail=25176,1.7%,0.4%,0.1%,Thu
07/10/2010,11:00,GBP,red,Asset Purchase Facility,https://www.forexfactory.com/calendar?month=october.2010#detail=25075,200B,200B,200B,Thu
07/10/2010,,GBP,red,Official Bank Rate,https://www.forexfactory.com/calendar?month=october.2010#detail=25073,0.50%,0.50%,0.50%,Thu
07/10/2010,11:45,EUR,red,Main Refinancing Rate,https://www.forexfactory.com/calendar?month=october.2010#detail=24176,1.00%,1.00%,1.00%,Thu
07/10/2010,12:30,CAD,red,Building Permits m/m,https://www.forexfactory.com/calendar?month=october.2010#detail=26956,-9.2%,-1.9%,-3.8%,Thu
07/10/2010,,EUR,red,ECB Press Conference,https://www.forexfactory.com/calendar?month=october.2010#detail=24177,,,,Thu
07/10/2010,,USD,red,Unemployment Claims,https://www.forexfactory.com/calendar?month=october.2010#detail=28909,445K,454K,456K,Thu
07/10/2010,14:00,GBP,orange,NIESR GDP Estimate,https://www.forexfactory.com/calendar?month=october.2010#detail=26986,0.5%,,0.6%,Thu
07/10/2010,,USD,yellow,JOLTS Job Openings,https://www.forexfactory.com/calendar?month=october.2010#detail=49315,3.20M,,3.14M,Thu
07/10/2010,14:30,USD,yellow,Natural Gas Storage,https://www.forexfactory.com/calendar?month=october.2010#detail=24767,85B,78B,74B,Thu
07/10/2010,17:30,USD,orange,FOMC Member Hoenig Speaks,https://www.forexfactory.com/calendar?month=october.2010#detail=34590,,,,Thu
07/10/2010,19:00,USD,yellow,Consumer Credit m/m,https://www.forexfactory.com/calendar?month=october.2010#detail=24931,-3.3B,-2.9B,-4.1B,Thu
07/10/2010,23:50,JPY,orange,Monetary Policy Meeting Minutes,https://www.forexfactory.com/calendar?month=october.2010#detail=29066,,,,Thu
07/10/2010,,JPY,orange,Monetary Policy Meeting Minutes,https://www.forexfactory.com/calendar?month=october.2010#detail=33621,,,,Thu
07/10/2010,,JPY,yellow,Current Account,https://www.forexfactory.com/calendar?month=october.2010#detail=28329,1.18T,1.09T,1.46T,Thu
08/10/2010,02:30,AUD,orange,RBA Deputy Gov Battellino Speaks,https://www.forexfactory.com/calendar?month=october.2010#detail=33823,,,,Fri
08/10/2010,05:00,JPY,yellow,Economy Watchers Sentiment,https://www.forexfactory.com/calendar?month=october.2010#detail=26258,41.2,44.8,45.1,Fri
08/10/2010,05:45,CHF,yellow,Unemployment Rate,https://www.forexfactory.com/calendar?month=october.2010#detail=27792,3.7%,3.7%,3.8%,Fri
08/10/2010,06:00,EUR,yellow,German Trade Balance,https://www.forexfactory.com/calendar?month=october.2010#detail=25103,11.7B,12.3B,12.6B,Fri
08/10/2010,06:45,EUR,yellow,French Gov Budget Balance,https://www.forexfactory.com/calendar?month=october.2010#detail=26625,-122.1B,,-93.1B,Fri
08/10/2010,08:30,GBP,red,PPI Input m/m,https://www.forexfactory.com/calendar?month=october.2010#detail=26710,0.7%,0.3%,0.1%,Fri
08/10/2010,,GBP,yellow,PPI Output m/m,https://www.forexfactory.com/calendar?month=october.2010#detail=26711,0.3%,0.2%,0.0%,Fri
08/10/2010,11:00,CAD,red,Employment Change,https://www.forexfactory.com/calendar?month=october.2010#detail=26735,-6.6K,10.7K,35.8K,Fri
08/10/2010,,CAD,red,Unemployment Rate,https://www.forexfactory.com/calendar?month=october.2010#detail=26734,8.0%,8.1%,8.1%,Fri
08/10/2010,12:14,CAD,red,Housing Starts,https://www.forexfactory.com/calendar?month=october.2010#detail=27924,186K,180K,189K,Fri
08/10/2010,12:30,USD,red,Non-Farm Employment Change,https://www.forexfactory.com/calendar?month=october.2010#detail=24227,-95K,1K,-57K,Fri
08/10/2010,,USD,red,Unemployment Rate,https://www.forexfactory.com/calendar?month=october.2010#detail=24226,9.6%,9.7%,9.6%,Fri
08/10/2010,,USD,orange,Average Hourly Earnings m/m,https://www.forexfactory.com/calendar?month=october.2010#detail=24228,0.0%,0.2%,0.3%,Fri
08/10/2010,14:00,USD,yellow,Final Wholesale Inventories m/m,https://www.forexfactory.com/calendar?month=october.2010#detail=27962,0.8%,0.6%,1.5%,Fri
08/10/2010,All Day,All,orange,G7 Meetings,https://www.forexfactory.com/calendar?month=october.2010#detail=34651,,,,Fri
08/10/2010,Day 1,All,yellow,IMF Meetings,https://www.forexfactory.com/calendar?month=october.2010#detail=29251,,,,Fri
08/10/2010,14:30,CAD,red,BOC Business Outlook Survey,https://www.forexfactory.com/calendar?month=october.2010#detail=28319,,,,Fri
08/10/2010,18:25,CAD,orange,BOC Gov Carney Speaks,https://www.forexfactory.com/calendar?month=october.2010#detail=34652,,,,Fri
08/10/2010,,EUR,orange,ECB President Trichet Speaks,https://www.forexfactory.com/calendar?month=october.2010#detail=34653,,,,Fri
08/10/2010,,USD,yellow,FOMC Member Tarullo Speaks,https://www.forexfactory.com/calendar?month=october.2010#detail=33817,,,,Fri
09/10/2010,Day 2,All,yellow,IMF Meetings,https://www.forexfactory.com/calendar?month=october.2010#detail=33705,,,,Sat
09/10/2010,20:00,CAD,orange,BOC Gov Carney Speaks,https://www.forexfactory.com/calendar?month=october.2010#detail=34654,,,,Sat
09/10/2010,23:00,GBP,orange,MPC Member Tucker Speaks,https://www.forexfactory.com/calendar?month=october.2010#detail=33821,,,,Sat
10/10/2010,12:45,USD,yellow,FOMC Member Dudley Speaks,https://www.forexfactory.com/calendar?month=october.2010#detail=33818,,,,Sun
10/10/2010,Day 3,All,orange,IMF Meetings,https://www.forexfactory.com/calendar?month=october.2010#detail=29252,,,,Sun
10/10/2010,23:00,GBP,red,BOE Gov King Speaks,https://www.forexfactory.com/calendar?month=october.2010#detail=34665,,,,Sun
11/10/2010,All Day,JPY,gray,Bank Holiday,https://www.forexfactory.com/calendar?month=october.2010#detail=28957,,,,Mon
11/10/2010,00:30,AUD,red,Home Loans m/m,https://www.forexfactory.com/calendar?month=october.2010#detail=26164,1.0%,1.1%,1.8%,Mon
11/10/2010,06:45,EUR,orange,French Industrial Production m/m,https://www.forexfactory.com/calendar?month=october.2010#detail=26569,0.0%,0.3%,0.8%,Mon
11/10/2010,08:00,EUR,yellow,Italian Industrial Production m/m,https://www.forexfactory.com/calendar?month=october.2010#detail=26505,1.6%,0.0%,0.3%,Mon
11/10/2010,12:00,GBP,orange,MPC Member Tucker Speaks,https://www.forexfactory.com/calendar?month=october.2010#detail=34666,,,,Mon
11/10/2010,All Day,CAD,gray,Bank Holiday,https://www.forexfactory.com/calendar?month=october.2010#detail=28851,,,,Mon
11/10/2010,All Day,USD,gray,Bank Holiday,https://www.forexfactory.com/calendar?month=october.2010#detail=28941,,,,Mon
11/10/2010,17:30,EUR,orange,ECB President Trichet Speaks,https://www.forexfactory.com/calendar?month=october.2010#detail=34675,,,,Mon
11/10/2010,18:45,USD,orange,FOMC Member Yellen Speaks,https://www.forexfactory.com/calendar?month=october.2010#detail=34676,,,,Mon
11/10/2010,23:00,GBP,orange,BRC Retail Sales Monitor y/y,https://www.forexfactory.com/calendar?month=october.2010#detail=28285,0.5%,,1.0%,Mon
11/10/2010,23:01,GBP,orange,RICS House Price Balance,https://www.forexfactory.com/calendar?month=october.2010#detail=28273,-36%,-34%,-32%,Mon
12/10/2010,00:30,AUD,orange,NAB Business Confidence,https://www.forexfactory.com/calendar?month=october.2010#detail=29027,10,,11,Tue
12/10/2010,05:00,JPY,yellow,Consumer Confidence,https://www.forexfactory.com/calendar?month=october.2010#detail=28392,41.2,43.9,42.4,Tue
12/10/2010,06:00,EUR,yellow,German Final CPI m/m,https://www.forexfactory.com/calendar?month=october.2010#detail=25152,-0.1%,-0.1%,-0.1%,Tue
12/10/2010,,EUR,yellow,German WPI m/m,https://www.forexfactory.com/calendar?month=october.2010#detail=25115,1.0%,0.4%,1.6%,Tue
12/10/2010,08:30,GBP,red,CPI y/y,https://www.forexfactory.com/calendar?month=october.2010#detail=25443,3.1%,3.1%,3.1%,Tue
12/10/2010,,GBP,orange,Core CPI y/y,https://www.forexfactory.com/calendar?month=october.2010#detail=25444,2.7%,2.6%,2.8%,Tue
12/10/2010,,GBP,orange,Goods Trade Balance,https://www.forexfactory.com/calendar?month=october.2010#detail=26689,-8.2B,-8.0B,-8.7B,Tue
12/10/2010,,GBP,orange,MPC Member Miles Speaks,https://www.forexfactory.com/calendar?month=october.2010#detail=34667,,,,Tue
12/10/2010,,GBP,yellow,ONS HPI y/y,https://www.forexfactory.com/calendar?month=october.2010#detail=25710,8.3%,9.4%,8.4%,Tue
12/10/2010,,GBP,yellow,RPI y/y,https://www.forexfactory.com/calendar?month=october.2010#detail=25445,4.6%,4.4%,4.7%,Tue
12/10/2010,11:30,USD,yellow,NFIB Small Business Index,https://www.forexfactory.com/calendar?month=october.2010#detail=48383,89.0,89.6,88.8,Tue
12/10/2010,14:00,USD,yellow,RCM/TIPP Economic Optimism,https://www.forexfactory.com/calendar?month=october.2010#detail=28239,46.4,46.7,45.3,Tue
12/10/2010,15:45,USD,orange,FOMC Member Hoenig Speaks,https://www.forexfactory.com/calendar?month=october.2010#detail=34677,,,,Tue
12/10/2010,16:20,EUR,orange,ECB President Trichet Speaks,https://www.forexfactory.com/calendar?month=october.2010#detail=34674,,,,Tue
12/10/2010,18:00,USD,red,FOMC Meeting Minutes,https://www.forexfactory.com/calendar?month=october.2010#detail=26642,,,,Tue
12/10/2010,21:45,NZD,yellow,FPI m/m,https://www.forexfactory.com/calendar?month=october.2010#detail=27510,0.7%,,-0.1%,Tue
12/10/2010,23:01,GBP,orange,Nationwide Consumer Confidence,https://www.forexfactory.com/calendar?month=october.2010#detail=26067,53,64,62,Tue
12/10/2010,23:30,AUD,orange,Westpac Consumer Sentiment,https://www.forexfactory.com/calendar?month=october.2010#detail=27183,3.3%,,-5.0%,Tue
12/10/2010,23:50,JPY,orange,Core Machinery Orders m/m,https://www.forexfactory.com/calendar?month=october.2010#detail=28341,10.1%,-3.7%,8.8%,Tue
12/10/2010,,JPY,yellow,Bank Lending y/y,https://www.forexfactory.com/calendar?month=october.2010#detail=28466,-1.8%,,-1.9%,Tue
12/10/2010,,JPY,yellow,M2 Money Stock y/y,https://www.forexfactory.com/calendar?month=october.2010#detail=28529,2.8%,2.8%,2.8%,Tue
13/10/2010,02:10,CNY,red,USD-Denominated Trade Balance,https://www.forexfactory.com/calendar?month=october.2010#detail=26409,16.9B,17.3B,20.0B,Wed
13/10/2010,05:30,EUR,yellow,French Final CPI m/m,https://www.forexfactory.com/calendar?month=october.2010#detail=26581,-0.1%,0.2%,0.2%,Wed
13/10/2010,06:33,CNY,orange,New Loans,https://www.forexfactory.com/calendar?month=october.2010#detail=26411,596B,503B,545B,Wed
13/10/2010,,CNY,yellow,M2 Money Supply y/y,https://www.forexfactory.com/calendar?month=october.2010#detail=26410,19.0%,18.9%,19.2%,Wed
13/10/2010,07:15,CHF,orange,PPI m/m,https://www.forexfactory.com/calendar?month=october.2010#detail=25413,-0.1%,0.2%,0.1%,Wed
13/10/2010,08:30,GBP,red,Claimant Count Change,https://www.forexfactory.com/calendar?month=october.2010#detail=24962,5.3K,4.3K,3.8K,Wed
13/10/2010,,GBP,orange,Average Earnings Index 3m/y,https://www.forexfactory.com/calendar?month=october.2010#detail=24963,1.7%,1.6%,1.3%,Wed
13/10/2010,,GBP,yellow,Unemployment Rate,https://www.forexfactory.com/calendar?month=october.2010#detail=24961,7.7%,7.8%,7.8%,Wed
13/10/2010,09:00,EUR,orange,Industrial Production m/m,https://www.forexfactory.com/calendar?month=october.2010#detail=27209,1.0%,0.7%,0.1%,Wed
13/10/2010,,GBP,yellow,CB Leading Index m/m,https://www.forexfactory.com/calendar?month=october.2010#detail=28133,0.1%,,0.2%,Wed
13/10/2010,10:06,EUR,orange,German 10-y Bond Auction,https://www.forexfactory.com/calendar?month=october.2010#detail=42354,2.29|1.4,,2.39|1.8,Wed
13/10/2010,12:30,CAD,orange,NHPI m/m,https://www.forexfactory.com/calendar?month=october.2010#detail=26840,0.1%,-0.1%,-0.1%,Wed
13/10/2010,,USD,orange,Import Prices m/m,https://www.forexfactory.com/calendar?month=october.2010#detail=26015,-0.3%,-0.1%,0.6%,Wed
13/10/2010,17:00,USD,orange,10-y Bond Auction,https://www.forexfactory.com/calendar?month=october.2010#detail=42318,2.48|3.0,,2.67|3.2,Wed
13/10/2010,17:40,GBP,orange,MPC Member Sentance Speaks,https://www.forexfactory.com/calendar?month=october.2010#detail=34668,,,,Wed
13/10/2010,20:10,USD,red,Fed Chairman Bernanke Speaks,https://www.forexfactory.com/calendar?month=october.2010#detail=34655,,,,Wed
13/10/2010,21:00,NZD,orange,REINZ HPI m/m,https://www.forexfactory.com/calendar?month=october.2010#detail=37365,-0.3%,,0.3%,Wed
13/10/2010,21:26,NZD,yellow,BusinessNZ Manufacturing Index,https://www.forexfactory.com/calendar?month=october.2010#detail=27304,49.2,,49.3,Wed
13/10/2010,21:45,NZD,red,Core Retail Sales m/m,https://www.forexfactory.com/calendar?month=october.2010#detail=26663,-0.6%,0.2%,-0.1%,Wed
13/10/2010,,NZD,orange,Retail Sales m/m,https://www.forexfactory.com/calendar?month=october.2010#detail=26662,0.0%,0.4%,-0.5%,Wed
13/10/2010,23:50,JPY,yellow,PPI y/y,https://www.forexfactory.com/calendar?month=october.2010#detail=28369,-0.1%,0.0%,0.0%,Wed
14/10/2010,00:00,AUD,orange,MI Inflation Expectations,https://www.forexfactory.com/calendar?month=october.2010#detail=28450,3.8%,,3.1%,Thu
14/10/2010,03:45,JPY,yellow,30-y Bond Auction,https://www.forexfactory.com/calendar?month=october.2010#detail=49079,1.98|5.4,,1.99|4.2,Thu
14/10/2010,08:00,EUR,orange,ECB Monthly Bulletin,https://www.forexfactory.com/calendar?month=october.2010#detail=27292,,,,Thu
14/10/2010,All Day,All,yellow,OPEC Meetings,https://www.forexfactory.com/calendar?month=october.2010#detail=29072,,,,Thu
14/10/2010,10:00,EUR,orange,German Buba President Weber Speaks,https://www.forexfactory.com/calendar?month=october.2010#detail=34672,,,,Thu
14/10/2010,12:30,CAD,red,Trade Balance,https://www.forexfactory.com/calendar?month=october.2010#detail=26749,-1.3B,-2.2B,-2.5B,Thu
14/10/2010,,USD,red,PPI m/m,https://www.forexfactory.com/calendar?month=october.2010#detail=26000,0.4%,0.2%,0.4%,Thu
14/10/2010,,USD,red,Trade Balance,https://www.forexfactory.com/calendar?month=october.2010#detail=25906,-46.3B,-43.5B,-42.6B,Thu
14/10/2010,,USD,red,Unemployment Claims,https://www.forexfactory.com/calendar?month=october.2010#detail=28910,462K,448K,449k,Thu
14/10/2010,,USD,orange,Core PPI m/m,https://www.forexfactory.com/calendar?month=october.2010#detail=26001,0.1%,0.1%,0.1%,Thu
14/10/2010,14:30,USD,yellow,Natural Gas Storage,https://www.forexfactory.com/calendar?month=october.2010#detail=24769,91B,88B,85B,Thu
14/10/2010,15:00,USD,orange,Crude Oil Inventories,https://www.forexfactory.com/calendar?month=october.2010#detail=24768,-0.4M,1.5M,3.1M,Thu
14/10/2010,17:00,USD,yellow,30-y Bond Auction,https://www.forexfactory.com/calendar?month=october.2010#detail=42928,3.85|2.5,,3.82|2.7,Thu
14/10/2010,23:00,GBP,orange,MPC Member Fisher Speaks,https://www.forexfactory.com/calendar?month=october.2010#detail=34669,,,,Thu
15/10/2010,01:54,CNY,yellow,Foreign Direct Investment ytd/y,https://www.forexfactory.com/calendar?month=october.2010#detail=26408,16.6%,,18.1%,Fri
15/10/2010,02:00,CNY,yellow,CB Leading Index m/m,https://www.forexfactory.com/calendar?month=october.2010#detail=31173,0.7%,,0.8%,Fri
15/10/2010,04:30,JPY,yellow,Revised Industrial Production m/m,https://www.forexfactory.com/calendar?month=october.2010#detail=28781,-0.5%,-0.3%,-0.3%,Fri
15/10/2010,06:00,JPY,orange,BOJ Gov Shirakawa Speaks,https://www.forexfactory.com/calendar?month=october.2010#detail=34670,,,,Fri
15/10/2010,08:00,EUR,yellow,Italian Trade Balance,https://www.forexfactory.com/calendar?month=october.2010#detail=26517,-3.26B,-1.97B,1.75B,Fri
15/10/2010,09:00,EUR,orange,Final Core CPI y/y,https://www.forexfactory.com/calendar?month=october.2010#detail=27376,1.0%,1.0%,1.0%,Fri
15/10/2010,,EUR,orange,Final CPI y/y,https://www.forexfactory.com/calendar?month=october.2010#detail=27374,1.8%,1.8%,1.8%,Fri
15/10/2010,,EUR,yellow,Trade Balance,https://www.forexfactory.com/calendar?month=october.2010#detail=27404,-1.4B,1.3B,-0.2B,Fri
15/10/2010,12:15,USD,red,Fed Chairman Bernanke Speaks,https://www.forexfactory.com/calendar?month=october.2010#detail=33819,,,,Fri
15/10/2010,12:30,CAD,orange,Manufacturing Sales m/m,https://www.forexfactory.com/calendar?month=october.2010#detail=26804,2.0%,0.5%,-1.1%,Fri
15/10/2010,,CAD,yellow,New Motor Vehicle Sales m/m,https://www.forexfactory.com/calendar?month=october.2010#detail=26828,-4.8%,1.3%,2.2%,Fri
15/10/2010,,USD,red,Core CPI m/m,https://www.forexfactory.com/calendar?month=october.2010#detail=26037,0.0%,0.1%,0.0%,Fri
15/10/2010,,USD,red,Core Retail Sales m/m,https://www.forexfactory.com/calendar?month=october.2010#detail=25927,0.4%,0.4%,1.0%,Fri
15/10/2010,,USD,red,CPI y/y,https://www.forexfactory.com/calendar?month=october.2010#detail=128515,1.1%,1.2%,1.1%,Fri
15/10/2010,,USD,red,Retail Sales m/m,https://www.forexfactory.com/calendar?month=october.2010#detail=25928,0.6%,0.5%,0.7%,Fri
15/10/2010,,USD,orange,CPI m/m,https://www.forexfactory.com/calendar?month=october.2010#detail=26036,0.1%,0.2%,0.3%,Fri
15/10/2010,,USD,orange,Empire State Manufacturing Index,https://www.forexfactory.com/calendar?month=october.2010#detail=27091,15.7,7.1,4.1,Fri
15/10/2010,13:55,USD,red,Prelim UoM Consumer Sentiment,https://www.forexfactory.com/calendar?month=october.2010#detail=25310,67.9,68.8,68.2,Fri
15/10/2010,,USD,yellow,Prelim UoM Inflation Expectations,https://www.forexfactory.com/calendar?month=october.2010#detail=25311,2.6%,,2.2%,Fri
15/10/2010,14:00,USD,orange,Business Inventories m/m,https://www.forexfactory.com/calendar?month=october.2010#detail=27316,0.6%,0.5%,1.1%,Fri
15/10/2010,18:00,USD,orange,Federal Budget Balance,https://www.forexfactory.com/calendar?month=october.2010#detail=25571,-34.5B,-32.3B,-90.5B,Fri
16/10/2010,11:00,EUR,orange,ECB President Trichet Speaks,https://www.forexfactory.com/calendar?month=october.2010#detail=34673,,,,Sat
16/10/2010,12:15,USD,orange,FOMC Member Rosengren Speaks,https://www.forexfactory.com/calendar?month=october.2010#detail=34656,,,,Sat
17/10/2010,08:00,EUR,orange,ECB President Trichet Speaks,https://www.forexfactory.com/calendar?month=october.2010#detail=34671,,,,Sun
17/10/2010,21:30,NZD,yellow,BusinessNZ Services Index,https://www.forexfactory.com/calendar?month=october.2010#detail=127103,54.8,,52.4,Sun
17/10/2010,21:45,NZD,red,CPI q/q,https://www.forexfactory.com/calendar?month=october.2010#detail=27500,1.1%,1.0%,0.2%,Sun
17/10/2010,23:01,GBP,orange,Rightmove HPI m/m,https://www.forexfactory.com/calendar?month=october.2010#detail=27980,3.1%,,-1.1%,Sun
17/10/2010,23:50,JPY,orange,Tertiary Industry Activity m/m,https://www.forexfactory.com/calendar?month=october.2010#detail=28745,-0.2%,-0.5%,1.6%,Sun
18/10/2010,00:30,AUD,orange,New Motor Vehicle Sales m/m,https://www.forexfactory.com/calendar?month=october.2010#detail=26790,0.9%,,0.2%,Mon
18/10/2010,All Day,EUR,orange,Eurogroup Meetings,https://www.forexfactory.com/calendar?month=october.2010#detail=44075,,,,Mon
18/10/2010,10:00,EUR,yellow,German Buba Monthly Report,https://www.forexfactory.com/calendar?month=october.2010#detail=50169,,,,Mon
18/10/2010,12:30,CAD,orange,Foreign Securities Purchases,https://www.forexfactory.com/calendar?month=october.2010#detail=26816,11.09B,5.62B,5.51B,Mon
18/10/2010,13:00,USD,red,TIC Long-Term Purchases,https://www.forexfactory.com/calendar?month=october.2010#detail=24498,128.7B,47.5B,61.2B,Mon
18/10/2010,13:15,USD,orange,Capacity Utilization Rate,https://www.forexfactory.com/calendar?month=october.2010#detail=26094,74.7%,74.8%,74.8%,Mon
18/10/2010,,USD,orange,Industrial Production m/m,https://www.forexfactory.com/calendar?month=october.2010#detail=26093,-0.2%,0.3%,0.2%,Mon
18/10/2010,13:58,USD,yellow,NAHB Housing Market Index,https://www.forexfactory.com/calendar?month=october.2010#detail=26861,16,14,13,Mon
18/10/2010,20:00,USD,orange,Treasury Sec Geithner Speaks,https://www.forexfactory.com/calendar?month=october.2010#detail=34689,,,,Mon
19/10/2010,00:30,AUD,red,Monetary Policy Meeting Minutes,https://www.forexfactory.com/calendar?month=october.2010#detail=24643,,,,Tue
19/10/2010,08:00,EUR,orange,Current Account,https://www.forexfactory.com/calendar?month=october.2010#detail=27233,-7.5B,-1.9B,-4.1B,Tue
19/10/2010,All Day,EUR,orange,ECOFIN Meetings,https://www.forexfactory.com/calendar?month=october.2010#detail=36367,,,,Tue
19/10/2010,09:00,EUR,red,German ZEW Economic Sentiment,https://www.forexfactory.com/calendar?month=october.2010#detail=27697,-7.2,-7.0,-4.3,Tue
19/10/2010,,EUR,orange,ZEW Economic Sentiment,https://www.forexfactory.com/calendar?month=october.2010#detail=27698,1.8,-2.0,4.4,Tue
19/10/2010,10:00,GBP,orange,CBI Industrial Order Expectations,https://www.forexfactory.com/calendar?month=october.2010#detail=28193,-28,-19,-17,Tue
19/10/2010,12:30,EUR,orange,ECB President Trichet Speaks,https://www.forexfactory.com/calendar?month=october.2010#detail=34690,,,,Tue
19/10/2010,,USD,red,Building Permits,https://www.forexfactory.com/calendar?month=october.2010#detail=27766,0.54M,0.58M,0.57M,Tue
19/10/2010,,USD,orange,Housing Starts,https://www.forexfactory.com/calendar?month=october.2010#detail=27765,0.61M,0.59M,0.61M,Tue
19/10/2010,13:00,CAD,red,BOC Rate Statement,https://www.forexfactory.com/calendar?month=october.2010#detail=24195,,,,Tue
19/10/2010,,CAD,red,Overnight Rate,https://www.forexfactory.com/calendar?month=october.2010#detail=24194,1.00%,1.00%,1.00%,Tue
19/10/2010,,USD,orange,FOMC Member Yellen Speaks,https://www.forexfactory.com/calendar?month=october.2010#detail=34688,,,,Tue
19/10/2010,13:30,NZD,yellow,GDT Price Index,https://www.forexfactory.com/calendar?month=october.2010#detail=56236,-1.9%,,2.4%,Tue
19/10/2010,14:00,EUR,orange,German Buba President Weber Speaks,https://www.forexfactory.com/calendar?month=october.2010#detail=34682,,,,Tue
19/10/2010,,USD,yellow,FOMC Member Dudley Speaks,https://www.forexfactory.com/calendar?month=october.2010#detail=34657,,,,Tue
19/10/2010,18:50,GBP,red,BOE Gov King Speaks,https://www.forexfactory.com/calendar?month=october.2010#detail=34683,,,,Tue
19/10/2010,20:00,USD,orange,Fed Chairman Bernanke Speaks,https://www.forexfactory.com/calendar?month=october.2010#detail=34687,,,,Tue
19/10/2010,23:00,NZD,red,RBNZ Gov Bollard Speaks,https://www.forexfactory.com/calendar?month=october.2010#detail=34684,,,,Tue
19/10/2010,,USD,yellow,FOMC Member Duke Speaks,https://www.forexfactory.com/calendar?month=october.2010#detail=34658,,,,Tue
19/10/2010,23:30,AUD,orange,MI Leading Index m/m,https://www.forexfactory.com/calendar?month=october.2010#detail=29049,-0.1%,,0.3%,Tue
20/10/2010,06:00,EUR,orange,German PPI m/m,https://www.forexfactory.com/calendar?month=october.2010#detail=25127,0.3%,0.2%,0.0%,Wed
20/10/2010,08:30,GBP,red,MPC Asset Purchase Facility Votes,https://www.forexfactory.com/calendar?month=october.2010#detail=49145,1-0-8,0-0-9,0-0-9,Wed
20/10/2010,,GBP,red,MPC Official Bank Rate Votes,https://www.forexfactory.com/calendar?month=october.2010#detail=28261,1-0-8,1-0-8,1-0-8,Wed
20/10/2010,,GBP,red,Public Sector Net Borrowing,https://www.forexfactory.com/calendar?month=october.2010#detail=25686,15.6B,14.2B,14.2B,Wed
20/10/2010,,GBP,yellow,M4 Money Supply m/m,https://www.forexfactory.com/calendar?month=october.2010#detail=25687,-0.3%,0.3%,-0.1%,Wed
20/10/2010,11:30,GBP,red,Government Spending Review,https://www.forexfactory.com/calendar?month=october.2010#detail=34691,,,,Wed
20/10/2010,12:30,CAD,orange,Wholesale Sales m/m,https://www.forexfactory.com/calendar?month=october.2010#detail=27912,1.2%,0.5%,0.0%,Wed
20/10/2010,14:30,CAD,red,BOC Monetary Policy Report,https://www.forexfactory.com/calendar?month=october.2010#detail=28437,,,,Wed
20/10/2010,,USD,orange,Crude Oil Inventories,https://www.forexfactory.com/calendar?month=october.2010#detail=24770,0.7M,1.5M,-0.4M,Wed
20/10/2010,15:15,CAD,red,BOC Press Conference,https://www.forexfactory.com/calendar?month=october.2010#detail=28438,,,,Wed
20/10/2010,18:00,USD,orange,Beige Book,https://www.forexfactory.com/calendar?month=october.2010#detail=26614,,,,Wed
20/10/2010,21:45,NZD,yellow,Visitor Arrivals m/m,https://www.forexfactory.com/calendar?month=october.2010#detail=27528,0.9%,,0.7%,Wed
21/10/2010,02:00,CNY,red,CPI y/y,https://www.forexfactory.com/calendar?month=october.2010#detail=24897,3.6%,3.6%,3.5%,Thu
21/10/2010,,CNY,red,GDP q/y,https://www.forexfactory.com/calendar?month=october.2010#detail=26331,9.6%,9.5%,10.3%,Thu
21/10/2010,,CNY,orange,Fixed Asset Investment ytd/y,https://www.forexfactory.com/calendar?month=october.2010#detail=24899,24.5%,24.7%,24.8%,Thu
21/10/2010,,CNY,orange,Industrial Production y/y,https://www.forexfactory.com/calendar?month=october.2010#detail=24896,13.3%,14.1%,13.9%,Thu
21/10/2010,,CNY,orange,NBS Press Conference,https://www.forexfactory.com/calendar?month=october.2010#detail=24900,,,,Thu
21/10/2010,,CNY,orange,PPI y/y,https://www.forexfactory.com/calendar?month=october.2010#detail=24898,4.3%,4.1%,4.3%,Thu
21/10/2010,,CNY,yellow,Retail Sales y/y,https://www.forexfactory.com/calendar?month=october.2010#detail=24901,18.8%,18.5%,18.4%,Thu
21/10/2010,02:03,NZD,yellow,Credit Card Spending y/y,https://www.forexfactory.com/calendar?month=october.2010#detail=28428,4.1%,,2.1%,Thu
21/10/2010,04:30,JPY,yellow,All Industries Activity m/m,https://www.forexfactory.com/calendar?month=october.2010#detail=28553,-0.4%,-0.3%,1.1%,Thu
21/10/2010,06:15,CHF,orange,Trade Balance,https://www.forexfactory.com/calendar?month=october.2010#detail=25543,1.69B,1.22B,0.58B,Thu
21/10/2010,07:00,EUR,orange,French Flash Manufacturing PMI,https://www.forexfactory.com/calendar?month=october.2010#detail=26474,55.2,55.6,56.0,Thu
21/10/2010,,EUR,orange,French Flash Services PMI,https://www.forexfactory.com/calendar?month=october.2010#detail=26475,55.3,57.5,58.2,Thu
21/10/2010,07:30,EUR,orange,German Flash Manufacturing PMI,https://www.forexfactory.com/calendar?month=october.2010#detail=26476,56.1,54.6,55.1,Thu
21/10/2010,,EUR,orange,German Flash Services PMI,https://www.forexfactory.com/calendar?month=october.2010#detail=26477,56.6,55.0,54.9,Thu
21/10/2010,08:00,EUR,orange,Flash Manufacturing PMI,https://www.forexfactory.com/calendar?month=october.2010#detail=26478,54.1,53.2,53.7,Thu
21/10/2010,,EUR,orange,Flash Services PMI,https://www.forexfactory.com/calendar?month=october.2010#detail=26479,53.2,53.8,54.1,Thu
21/10/2010,08:30,GBP,red,Retail Sales m/m,https://www.forexfactory.com/calendar?month=october.2010#detail=26051,-0.2%,0.4%,-0.7%,Thu
21/10/2010,,GBP,orange,Prelim Mortgage Approvals,https://www.forexfactory.com/calendar?month=october.2010#detail=30394,44K,44K,45K,Thu
21/10/2010,09:00,CHF,orange,UBS Economic Expectations,https://www.forexfactory.com/calendar?month=october.2010#detail=28931,-27.5,,-5.1,Thu
21/10/2010,09:15,GBP,red,MPC Member Posen Speaks,https://www.forexfactory.com/calendar?month=october.2010#detail=34685,,,,Thu
21/10/2010,09:39,GBP,orange,10-y Bond Auction,https://www.forexfactory.com/calendar?month=october.2010#detail=42457,3.06|2.0,,3.22|1.7,Thu
21/10/2010,12:30,CAD,orange,Leading Index m/m,https://www.forexfactory.com/calendar?month=october.2010#detail=27937,-0.1%,0.2%,0.6%,Thu
21/10/2010,,USD,red,Unemployment Claims,https://www.forexfactory.com/calendar?month=october.2010#detail=28911,452K,454K,475K,Thu
21/10/2010,14:00,EUR,yellow,Consumer Confidence,https://www.forexfactory.com/calendar?month=october.2010#detail=27677,-11,-10,-11,Thu
21/10/2010,,USD,red,Philly Fed Manufacturing Index,https://www.forexfactory.com/calendar?month=october.2010#detail=27583,1.0,2.3,-0.7,Thu
21/10/2010,,USD,yellow,CB Leading Index m/m,https://www.forexfactory.com/calendar?month=october.2010#detail=28118,0.3%,0.4%,0.1%,Thu
21/10/2010,14:30,USD,yellow,Natural Gas Storage,https://www.forexfactory.com/calendar?month=october.2010#detail=24771,93B,87B,91B,Thu
21/10/2010,18:00,USD,orange,FOMC Member Bullard Speaks,https://www.forexfactory.com/calendar?month=october.2010#detail=34686,,,,Thu
22/10/2010,00:30,AUD,orange,Import Prices q/q,https://www.forexfactory.com/calendar?month=october.2010#detail=26940,0.7%,0.0%,2.0%,Fri
22/10/2010,Day 1,All,red,G20 Meetings,https://www.forexfactory.com/calendar?month=october.2010#detail=34679,,,,Fri
22/10/2010,01:45,USD,orange,FOMC Member Hoenig Speaks,https://www.forexfactory.com/calendar?month=october.2010#detail=34659,,,,Fri
22/10/2010,08:00,EUR,red,German ifo Business Climate,https://www.forexfactory.com/calendar?month=october.2010#detail=27804,107.6,106.5,106.8,Fri
22/10/2010,,EUR,yellow,Italian Retail Sales m/m,https://www.forexfactory.com/calendar?month=october.2010#detail=26529,0.0%,0.0%,0.1%,Fri
22/10/2010,11:00,CAD,red,Core CPI m/m,https://www.forexfactory.com/calendar?month=october.2010#detail=26920,0.2%,0.3%,0.1%,Fri
22/10/2010,,CAD,orange,CPI m/m,https://www.forexfactory.com/calendar?month=october.2010#detail=26919,0.2%,0.2%,-0.1%,Fri
22/10/2010,12:30,CAD,red,Core Retail Sales m/m,https://www.forexfactory.com/calendar?month=october.2010#detail=26883,0.4%,0.5%,-0.2%,Fri
22/10/2010,,CAD,orange,Retail Sales m/m,https://www.forexfactory.com/calendar?month=october.2010#detail=26882,0.5%,-0.1%,0.1%,Fri
22/10/2010,13:00,EUR,orange,Belgian NBB Business Climate,https://www.forexfactory.com/calendar?month=october.2010#detail=27816,-2.8,-3.5,-3.4,Fri
23/10/2010,Day 2,All,red,G20 Meetings,https://www.forexfactory.com/calendar?month=october.2010#detail=34680,,,,Sat
23/10/2010,08:45,USD,orange,Treasury Sec Geithner Speaks,https://www.forexfactory.com/calendar?month=october.2010#detail=34692,,,,Sat
24/10/2010,All Day,NZD,gray,Bank Holiday,https://www.forexfactory.com/calendar?month=october.2010#detail=28838,,,,Sun
24/10/2010,23:50,JPY,orange,Trade Balance,https://www.forexfactory.com/calendar?month=october.2010#detail=28541,0.59T,0.50T,0.57T,Sun
25/10/2010,00:25,AUD,red,RBA Gov Stevens Speaks,https://www.forexfactory.com/calendar?month=october.2010#detail=34697,,,,Mon
25/10/2010,00:30,AUD,red,PPI q/q,https://www.forexfactory.com/calendar?month=october.2010#detail=26975,1.3%,0.6%,0.3%,Mon
25/10/2010,08:30,GBP,orange,High Street Lending,https://www.forexfactory.com/calendar?month=october.2010#detail=29083,31.1K,31.6K,31.8K,Mon
25/10/2010,09:00,EUR,orange,Industrial New Orders m/m,https://www.forexfactory.com/calendar?month=october.2010#detail=27258,5.3%,2.1%,-1.8%,Mon
25/10/2010,12:30,USD,red,Fed Chairman Bernanke Speaks,https://www.forexfactory.com/calendar?month=october.2010#detail=34661,,,,Mon
25/10/2010,14:00,USD,red,Existing Home Sales,https://www.forexfactory.com/calendar?month=october.2010#detail=27390,4.53M,4.29M,4.12M,Mon
25/10/2010,17:30,USD,orange,FOMC Member Bullard Speaks,https://www.forexfactory.com/calendar?month=october.2010#detail=34829,,,,Mon
25/10/2010,19:00,GBP,red,BOE Gov King Speaks,https://www.forexfactory.com/calendar?month=october.2010#detail=34827,,,,Mon
25/10/2010,20:30,USD,yellow,FOMC Member Dudley Speaks,https://www.forexfactory.com/calendar?month=october.2010#detail=34660,,,,Mon
25/10/2010,23:50,JPY,yellow,SPPI y/y,https://www.forexfactory.com/calendar?month=october.2010#detail=28357,-1.1%,-1.0%,-1.1%,Mon
26/10/2010,00:00,USD,orange,FOMC Member Hoenig Speaks,https://www.forexfactory.com/calendar?month=october.2010#detail=34662,,,,Tue
26/10/2010,00:30,AUD,orange,NAB Quarterly Business Confidence,https://www.forexfactory.com/calendar?month=october.2010#detail=27172,9,,3,Tue
26/10/2010,06:00,CHF,orange,UBS Consumption Indicator,https://www.forexfactory.com/calendar?month=october.2010#detail=24480,1.70,,1.95,Tue
26/10/2010,,EUR,orange,German GfK Consumer Climate,https://www.forexfactory.com/calendar?month=october.2010#detail=27949,4.9,5.2,4.9,Tue
26/10/2010,,EUR,yellow,German Import Prices m/m,https://www.forexfactory.com/calendar?month=october.2010#detail=25164,0.3%,0.1%,0.2%,Tue
26/10/2010,08:30,GBP,red,Prelim GDP q/q,https://www.forexfactory.com/calendar?month=october.2010#detail=26671,0.8%,0.4%,1.2%,Tue
26/10/2010,,GBP,yellow,Index of Services 3m/3m,https://www.forexfactory.com/calendar?month=october.2010#detail=28297,0.3%,0.6%,0.6%,Tue
26/10/2010,13:00,USD,orange,S&P/CS Composite-20 HPI y/y,https://www.forexfactory.com/calendar?month=october.2010#detail=27780,1.7%,2.4%,3.2%,Tue
26/10/2010,13:59,USD,yellow,Richmond Manufacturing Index,https://www.forexfactory.com/calendar?month=october.2010#detail=27030,5,-1,-2,Tue
26/10/2010,14:00,USD,red,CB Consumer Confidence,https://www.forexfactory.com/calendar?month=october.2010#detail=24479,50.2,49.3,48.6,Tue
26/10/2010,,USD,yellow,HPI m/m,https://www.forexfactory.com/calendar?month=october.2010#detail=26897,0.4%,-0.2%,-0.7%,Tue
26/10/2010,16:00,GBP,red,MPC Member Posen Speaks,https://www.forexfactory.com/calendar?month=october.2010#detail=34828,,,,Tue
26/10/2010,17:00,EUR,orange,German Buba President Weber Speaks,https://www.forexfactory.com/calendar?month=october.2010#detail=34696,,,,Tue
26/10/2010,19:30,CAD,red,BOC Gov Carney Speaks,https://www.forexfactory.com/calendar?month=october.2010#detail=34693,,,,Tue
26/10/2010,20:30,USD,yellow,FOMC Member Dudley Speaks,https://www.forexfactory.com/calendar?month=october.2010#detail=34663,,,,Tue
27/10/2010,00:30,AUD,red,CPI q/q,https://www.forexfactory.com/calendar?month=october.2010#detail=27481,0.7%,0.8%,0.6%,Wed
27/10/2010,,AUD,orange,Trimmed Mean CPI q/q,https://www.forexfactory.com/calendar?month=october.2010#detail=27482,0.6%,0.7%,0.5%,Wed
27/10/2010,02:00,NZD,red,ANZ Business Confidence,https://www.forexfactory.com/calendar?month=october.2010#detail=28507,23.7,,13.5,Wed
27/10/2010,All Day,EUR,orange,German Prelim CPI m/m,https://www.forexfactory.com/calendar?month=october.2010#detail=25140,0.1%,0.1%,-0.1%,Wed
27/10/2010,06:45,EUR,orange,French Consumer Spending m/m,https://www.forexfactory.com/calendar?month=october.2010#detail=26601,1.5%,0.5%,-1.6%,Wed
27/10/2010,08:00,EUR,orange,M3 Money Supply y/y,https://www.forexfactory.com/calendar?month=october.2010#detail=27741,1.0%,1.4%,1.1%,Wed
27/10/2010,,EUR,yellow,Private Loans y/y,https://www.forexfactory.com/calendar?month=october.2010#detail=27742,1.2%,1.5%,1.2%,Wed
27/10/2010,09:20,GBP,orange,MPC Member Bean Speaks,https://www.forexfactory.com/calendar?month=october.2010#detail=34830,,,,Wed
27/10/2010,12:30,USD,red,Core Durable Goods Orders m/m,https://www.forexfactory.com/calendar?month=october.2010#detail=25953,-0.8%,0.4%,1.9%,Wed
27/10/2010,,USD,orange,Durable Goods Orders m/m,https://www.forexfactory.com/calendar?month=october.2010#detail=25952,3.3%,1.7%,-1.0%,Wed
27/10/2010,13:55,EUR,orange,German Unemployment Change,https://www.forexfactory.com/calendar?month=october.2010#detail=28228,-3K,-28K,-37K,Wed
27/10/2010,14:00,USD,red,New Home Sales,https://www.forexfactory.com/calendar?month=october.2010#detail=26285,307K,301K,288K,Wed
27/10/2010,14:30,USD,orange,Crude Oil Inventories,https://www.forexfactory.com/calendar?month=october.2010#detail=24772,5.0M,1.1M,0.7M,Wed
27/10/2010,20:00,NZD,red,Official Cash Rate,https://www.forexfactory.com/calendar?month=october.2010#detail=24100,3.00%,3.00%,3.00%,Wed
27/10/2010,,NZD,red,RBNZ Rate Statement,https://www.forexfactory.com/calendar?month=october.2010#detail=24108,,,,Wed
27/10/2010,,USD,yellow,FOMC Member Dudley Speaks,https://www.forexfactory.com/calendar?month=october.2010#detail=34664,,,,Wed
27/10/2010,20:15,CAD,orange,BOC Gov Carney Speaks,https://www.forexfactory.com/calendar?month=october.2010#detail=34694,,,,Wed
27/10/2010,23:00,AUD,orange,CB Leading Index m/m,https://www.forexfactory.com/calendar?month=october.2010#detail=28145,0.2%,,0.8%,Wed
27/10/2010,23:50,JPY,orange,Retail Sales y/y,https://www.forexfactory.com/calendar?month=october.2010#detail=28757,1.2%,3.2%,4.3%,Wed
28/10/2010,04:31,JPY,red,Monetary Policy Statement,https://www.forexfactory.com/calendar?month=october.2010#detail=28819,,,,Thu
28/10/2010,,JPY,red,Overnight Call Rate,https://www.forexfactory.com/calendar?month=october.2010#detail=28818,<0.10%,<0.10%,<0.10%,Thu
28/10/2010,06:00,GBP,red,Nationwide HPI m/m,https://www.forexfactory.com/calendar?month=october.2010#detail=24560,-0.7%,-0.3%,0.0%,Thu
28/10/2010,,JPY,orange,BOJ Outlook Report,https://www.forexfactory.com/calendar?month=october.2010#detail=28869,,,,Thu
28/10/2010,06:30,AUD,yellow,RBA Annual Report,https://www.forexfactory.com/calendar?month=october.2010#detail=27173,,,,Thu
28/10/2010,07:00,EUR,orange,German Buba President Weber Speaks,https://www.forexfactory.com/calendar?month=october.2010#detail=34882,,,,Thu
28/10/2010,07:22,JPY,red,BOJ Press Conference,https://www.forexfactory.com/calendar?month=october.2010#detail=28817,,,,Thu
28/10/2010,08:30,EUR,orange,ECB President Trichet Speaks,https://www.forexfactory.com/calendar?month=october.2010#detail=34695,,,,Thu
28/10/2010,09:00,EUR,yellow,Retail PMI,https://www.forexfactory.com/calendar?month=october.2010#detail=43621,48.0,,48.7,Thu
28/10/2010,09:19,EUR,orange,Italian 10-y Bond Auction,https://www.forexfactory.com/calendar?month=october.2010#detail=42421,3.89|1.4,,3.90|1.5,Thu
28/10/2010,10:00,GBP,orange,CBI Realized Sales,https://www.forexfactory.com/calendar?month=october.2010#detail=28210,36,40,49,Thu
28/10/2010,12:30,USD,red,Unemployment Claims,https://www.forexfactory.com/calendar?month=october.2010#detail=28912,434K,453K,455K,Thu
28/10/2010,13:33,CHF,orange,Gov Board Member Danthine Speaks,https://www.forexfactory.com/calendar?month=october.2010#detail=34878,,,,Thu
28/10/2010,14:30,USD,yellow,Natural Gas Storage,https://www.forexfactory.com/calendar?month=october.2010#detail=24773,71B,72B,93B,Thu
28/10/2010,15:30,CHF,orange,SNB Chairman Hildebrand Speaks,https://www.forexfactory.com/calendar?month=october.2010#detail=34959,,,,Thu
28/10/2010,21:45,NZD,orange,Building Consents m/m,https://www.forexfactory.com/calendar?month=october.2010#detail=27539,0.5%,,-17.8%,Thu
28/10/2010,,NZD,orange,Trade Balance,https://www.forexfactory.com/calendar?month=october.2010#detail=27552,-532M,-398M,-413M,Thu
28/10/2010,23:01,GBP,orange,GfK Consumer Confidence,https://www.forexfactory.com/calendar?month=october.2010#detail=27076,-19,-22,-20,Thu
28/10/2010,23:15,JPY,yellow,Final Manufacturing PMI,https://www.forexfactory.com/calendar?month=october.2010#detail=29000,47.2,,49.5,Thu
28/10/2010,23:30,JPY,orange,Household Spending y/y,https://www.forexfactory.com/calendar?month=october.2010#detail=25870,0.0%,0.8%,1.7%,Thu
28/10/2010,,JPY,orange,Tokyo Core CPI y/y,https://www.forexfactory.com/calendar?month=october.2010#detail=25873,-0.5%,-0.8%,-1.0%,Thu
28/10/2010,,JPY,yellow,National Core CPI y/y,https://www.forexfactory.com/calendar?month=october.2010#detail=25872,-1.1%,-1.0%,-1.0%,Thu
28/10/2010,,JPY,yellow,Unemployment Rate,https://www.forexfactory.com/calendar?month=october.2010#detail=25871,5.0%,5.1%,5.1%,Thu
28/10/2010,23:50,JPY,orange,Prelim Industrial Production m/m,https://www.forexfactory.com/calendar?month=october.2010#detail=28769,-1.9%,-0.5%,-0.5%,Thu
29/10/2010,00:00,AUD,orange,HIA New Home Sales m/m,https://www.forexfactory.com/calendar?month=october.2010#detail=28988,0.6%,,-2.6%,Fri
29/10/2010,00:30,AUD,orange,Private Sector Credit m/m,https://www.forexfactory.com/calendar?month=october.2010#detail=28416,0.1%,0.3%,0.1%,Fri
29/10/2010,05:00,JPY,yellow,Housing Starts y/y,https://www.forexfactory.com/calendar?month=october.2010#detail=28404,17.7%,15.4%,20.5%,Fri
29/10/2010,06:00,EUR,orange,German Retail Sales m/m,https://www.forexfactory.com/calendar?month=october.2010#detail=25211,-2.3%,0.5%,-0.4%,Fri
29/10/2010,07:00,EUR,orange,Spanish Unemployment Rate,https://www.forexfactory.com/calendar?month=october.2010#detail=43876,19.8%,20.0%,20.1%,Fri
29/10/2010,08:30,GBP,orange,Net Lending to Individuals m/m,https://www.forexfactory.com/calendar?month=october.2010#detail=28169,0.4B,0.9B,1.6B,Fri
29/10/2010,,GBP,yellow,Mortgage Approvals,https://www.forexfactory.com/calendar?month=october.2010#detail=28168,47K,46K,47K,Fri
29/10/2010,09:00,EUR,orange,CPI Flash Estimate y/y,https://www.forexfactory.com/calendar?month=october.2010#detail=27345,1.9%,1.7%,1.8%,Fri
29/10/2010,,EUR,orange,Unemployment Rate,https://www.forexfactory.com/calendar?month=october.2010#detail=27417,10.1%,10.1%,10.0%,Fri
29/10/2010,,EUR,yellow,Italian Prelim CPI m/m,https://www.forexfactory.com/calendar?month=october.2010#detail=26541,0.2%,0.1%,-0.2%,Fri
29/10/2010,09:30,CHF,red,KOF Economic Barometer,https://www.forexfactory.com/calendar?month=october.2010#detail=25397,2.17,2.18,2.20,Fri
29/10/2010,10:00,EUR,yellow,Italian Monthly Unemployment Rate,https://www.forexfactory.com/calendar?month=october.2010#detail=29638,8.3%,8.3%,8.1%,Fri
29/10/2010,12:30,CAD,red,GDP m/m,https://www.forexfactory.com/calendar?month=october.2010#detail=26934,0.3%,0.3%,-0.1%,Fri
29/10/2010,,CAD,orange,RMPI m/m,https://www.forexfactory.com/calendar?month=october.2010#detail=26777,-0.4%,1.5%,2.2%,Fri
29/10/2010,,CAD,yellow,IPPI m/m,https://www.forexfactory.com/calendar?month=october.2010#detail=26776,0.2%,0.5%,0.4%,Fri
29/10/2010,,USD,red,Advance GDP q/q,https://www.forexfactory.com/calendar?month=october.2010#detail=25977,2.0%,2.1%,1.7%,Fri
29/10/2010,,USD,orange,Advance GDP Price Index q/q,https://www.forexfactory.com/calendar?month=october.2010#detail=25976,2.3%,1.9%,1.9%,Fri
29/10/2010,,USD,orange,Employment Cost Index q/q,https://www.forexfactory.com/calendar?month=october.2010#detail=26102,0.4%,0.6%,0.5%,Fri
29/10/2010,13:45,USD,orange,Chicago PMI,https://www.forexfactory.com/calendar?month=october.2010#detail=25271,60.6,58.1,60.4,Fri
29/10/2010,13:55,USD,orange,Revised UoM Consumer Sentiment,https://www.forexfactory.com/calendar?month=october.2010#detail=25312,67.7,68.2,67.9,Fri
29/10/2010,,USD,yellow,Revised UoM Inflation Expectations,https://www.forexfactory.com/calendar?month=october.2010#detail=25313,2.7%,,2.6%,Fri
31/10/2010,02:00,CHF,gray,Daylight Saving Time Shift,https://www.forexfactory.com/calendar?month=october.2010#detail=24793,,,,Sun
31/10/2010,,EUR,gray,Daylight Saving Time Shift,https://www.forexfactory.com/calendar?month=october.2010#detail=24792,,,,Sun
31/10/2010,,GBP,gray,Daylight Saving Time Shift,https://www.forexfactory.com/calendar?month=october.2010#detail=24794,,,,Sun
31/10/2010,22:28,AUD,yellow,AIG Manufacturing Index,https://www.forexfactory.com/calendar?month=october.2010#detail=24602,49.4,,47.3,Sun
31/10/2010,23:30,AUD,yellow,MI Inflation Gauge m/m,https://www.forexfactory.com/calendar?month=october.2010#detail=29050,0.3%,,0.1%,Sun
